{"xf": 66.69732147820034, "energy_release_rate": 2.275, "initial_energy": 1719.6807543910618, "relaxation_length": 11.566615902660189}