{"ocean": {"depth": Infinity, "density": 1025}, "wuf": {"left_edge": 0, "length": 120, "wui": {"ice": {"density": 922.5, "frac_toughness": 100000.0, "poissons_ratio": 0.3, "strain_threshold": 3e-05, "thickness": 0.5, "youngs_modulus": 4000000000.0, "draft": 0.45, "dud": Infinity, "elastic_length_pow4": 4558.242487560556}, "wavenumbers": 0.07450449556229607, "attenuations": 0.0006938649823740244}, "edge_amplitudes": "(0.19106729782512122-0.05910404133226793j)", "generation": 0}, "wave": {"period": 7.0, "amplitude": 0.2, "phase": -0.3}, "gravity": 9.8}